Accuracy,Loss
91.96572580645162,0.43116193745405446
86.60282258064517,0.6926885997095416
65.56451612903226,1.8058282417635765
18.618951612903224,5.8067810427758
10.060483870967742,12.21674093431042
