Accuracy,Loss
10.877016129032258,2.3124969805440596
10.040322580645162,3.992995528251894
10.0,16.211301003732988
