Accuracy,Loss
9.98991935483871,2.3266666658463016
9.97983870967742,3.798120544802758
9.959677419354838,72.49903618597216
