Accuracy,Loss
10.03024193548387,15.102395525286274
9.98991935483871,48.359098176033264
9.959677419354838,123.70702037196006
