Accuracy,Loss
80.6350806451613,0.8415741409024885
20.433467741935484,5.695342549970073
9.899193548387096,26.846819588445847
9.909274193548388,220.16771112257433
9.909274193548388,1745.4017074092742
