Accuracy,Loss
86.64163090128756,0.5260668690496249
23.450912017167383,4.849201682299504
9.804184549356224,29.82163096906801
9.804184549356224,307.9665554848863
9.804184549356224,2742.6784783228272
