Accuracy,Loss
84.93951612903226,0.6091295701842154
23.135080645161292,5.357911774419969
9.909274193548388,30.097775354693013
9.909274193548388,265.73299235682333
10.03024193548387,1795.5367691532258
