Accuracy,Loss
89.61909871244636,0.43637715184125775
63.63331545064378,1.969902072341657
35.22666309012875,4.07994654557224
17.361856223175966,7.208160011553457
11.420332618025752,10.825490628189284
10.219957081545065,37.789122028923856
10.722907725321889,91.81801369466496
10.219957081545065,243.11874677797243
10.219957081545065,553.8793562860448
10.219957081545065,1255.2847386961844
