Accuracy,Loss
89.25403225806451,0.4711508189478228
84.62701612903226,0.7045602672523068
49.40524193548387,3.2720948211608394
10.252016129032258,11.936346964682302
9.96975806451613,41.788535727224044
9.96975806451613,212.90648163826233
