Accuracy,Loss
89.54637096774194,0.48119767236132777
86.83467741935483,0.6345212334586728
78.24596774193549,0.9684285488820845
43.24596774193548,2.6494696294107745
15.372983870967742,6.3008703416393645
7.933467741935484,21.92472040730138
9.375,115.16325151997228
